{"cameraMode":{"drawMode":0,"name":"Shaded","section":"Shading Mode"},"sceneLighting":false,"audioPlay":false,"sceneViewState":{"m_AlwaysRefresh":false,"showFog":true,"showSkybox":false,"showFlares":true,"showImageEffects":true,"showParticleSystems":true,"showVisualEffectGraphs":true,"m_FxEnabled":true},"in2DMode":false,"pivot":{"x":-1.0574525594711304,"y":1.2101895809173585,"z":-0.9863839745521545},"rotation":{"x":0.1523735523223877,"y":0.018382415175437928,"z":-0.0028310283087193968,"w":0.9881204962730408},"size":1.4746010303497315,"orthographic":false}