{"cameraMode":{"drawMode":0,"name":"Shaded","section":"Shading Mode"},"sceneLighting":false,"audioPlay":false,"sceneViewState":{"m_AlwaysRefresh":false,"showFog":true,"showSkybox":false,"showFlares":true,"showImageEffects":true,"showParticleSystems":true,"showVisualEffectGraphs":true,"m_FxEnabled":true},"in2DMode":false,"pivot":{"x":0.6823180317878723,"y":1.84602952003479,"z":9.599238395690918},"rotation":{"x":-0.017981652170419694,"y":-0.9778692126274109,"z":0.18552912771701814,"w":-0.09476104378700257},"size":2.2056734561920168,"orthographic":false}