{"cameraMode":{"drawMode":0,"name":"Shaded","section":"Shading Mode"},"sceneLighting":true,"audioPlay":false,"sceneViewState":{"m_AlwaysRefresh":false,"showFog":true,"showSkybox":true,"showFlares":true,"showImageEffects":true,"showParticleSystems":true,"showVisualEffectGraphs":true,"m_FxEnabled":true},"in2DMode":false,"pivot":{"x":391.5648498535156,"y":490.085693359375,"z":-127.28595733642578},"rotation":{"x":0.19112610816955567,"y":0.0061821648851037029,"z":-0.0012443035375326872,"w":0.9815642833709717},"size":144.24632263183595,"orthographic":false}